id,wt_seq,mut_seq,mut_info_Seq,mut_info_PDB,pos_seq,exp_ddg
3PG0A_K77V,GSSHHHHHHHHHHSSGLVPRGSHMGDGYYKLVARHSGKALDVENASTSDGANVIQYSYSGGDNQQWRLVDLGDGYYKLVARHSGKALDVENASTSDGANVIQYSYSGGDNQQWRLVDLGDGYYKLVARHSGKALDVENASTSDGANVIQYSYSGGDNQQWRLVDL,GSSHHHHHHHHHHSSGLVPRGSHMGDGYYKLVARHSGKALDVENASTSDGANVIQYSYSGGDNQQWRLVDLGDGYYVLVARHSGKALDVENASTSDGANVIQYSYSGGDNQQWRLVDLGDGYYKLVARHSGKALDVENASTSDGANVIQYSYSGGDNQQWRLVDL,K77V,K53V,77,0.8
3PG0A_A86V,GSSHHHHHHHHHHSSGLVPRGSHMGDGYYKLVARHSGKALDVENASTSDGANVIQYSYSGGDNQQWRLVDLGDGYYKLVARHSGKALDVENASTSDGANVIQYSYSGGDNQQWRLVDLGDGYYKLVARHSGKALDVENASTSDGANVIQYSYSGGDNQQWRLVDL,GSSHHHHHHHHHHSSGLVPRGSHMGDGYYKLVARHSGKALDVENASTSDGANVIQYSYSGGDNQQWRLVDLGDGYYKLVARHSGKVLDVENASTSDGANVIQYSYSGGDNQQWRLVDLGDGYYKLVARHSGKALDVENASTSDGANVIQYSYSGGDNQQWRLVDL,A86V,A62V,86,0.5
3PG0A_D109P,GSSHHHHHHHHHHSSGLVPRGSHMGDGYYKLVARHSGKALDVENASTSDGANVIQYSYSGGDNQQWRLVDLGDGYYKLVARHSGKALDVENASTSDGANVIQYSYSGGDNQQWRLVDLGDGYYKLVARHSGKALDVENASTSDGANVIQYSYSGGDNQQWRLVDL,GSSHHHHHHHHHHSSGLVPRGSHMGDGYYKLVARHSGKALDVENASTSDGANVIQYSYSGGDNQQWRLVDLGDGYYKLVARHSGKALDVENASTSDGANVIQYSYSGGPNQQWRLVDLGDGYYKLVARHSGKALDVENASTSDGANVIQYSYSGGDNQQWRLVDL,D109P,D85P,109,0.2
3PG0A_D73N,GSSHHHHHHHHHHSSGLVPRGSHMGDGYYKLVARHSGKALDVENASTSDGANVIQYSYSGGDNQQWRLVDLGDGYYKLVARHSGKALDVENASTSDGANVIQYSYSGGDNQQWRLVDLGDGYYKLVARHSGKALDVENASTSDGANVIQYSYSGGDNQQWRLVDL,GSSHHHHHHHHHHSSGLVPRGSHMGDGYYKLVARHSGKALDVENASTSDGANVIQYSYSGGDNQQWRLVDLGNGYYKLVARHSGKALDVENASTSDGANVIQYSYSGGDNQQWRLVDLGDGYYKLVARHSGKALDVENASTSDGANVIQYSYSGGDNQQWRLVDL,D73N,D49N,73,0.2
3PG0A_A92G,GSSHHHHHHHHHHSSGLVPRGSHMGDGYYKLVARHSGKALDVENASTSDGANVIQYSYSGGDNQQWRLVDLGDGYYKLVARHSGKALDVENASTSDGANVIQYSYSGGDNQQWRLVDLGDGYYKLVARHSGKALDVENASTSDGANVIQYSYSGGDNQQWRLVDL,GSSHHHHHHHHHHSSGLVPRGSHMGDGYYKLVARHSGKALDVENASTSDGANVIQYSYSGGDNQQWRLVDLGDGYYKLVARHSGKALDVENGSTSDGANVIQYSYSGGDNQQWRLVDLGDGYYKLVARHSGKALDVENASTSDGANVIQYSYSGGDNQQWRLVDL,A92G,A68G,92,0.0
3PG0A_R114L,GSSHHHHHHHHHHSSGLVPRGSHMGDGYYKLVARHSGKALDVENASTSDGANVIQYSYSGGDNQQWRLVDLGDGYYKLVARHSGKALDVENASTSDGANVIQYSYSGGDNQQWRLVDLGDGYYKLVARHSGKALDVENASTSDGANVIQYSYSGGDNQQWRLVDL,GSSHHHHHHHHHHSSGLVPRGSHMGDGYYKLVARHSGKALDVENASTSDGANVIQYSYSGGDNQQWRLVDLGDGYYKLVARHSGKALDVENASTSDGANVIQYSYSGGDNQQWLLVDLGDGYYKLVARHSGKALDVENASTSDGANVIQYSYSGGDNQQWRLVDL,R114L,R90L,114,0.0
3PG0A_D117P,GSSHHHHHHHHHHSSGLVPRGSHMGDGYYKLVARHSGKALDVENASTSDGANVIQYSYSGGDNQQWRLVDLGDGYYKLVARHSGKALDVENASTSDGANVIQYSYSGGDNQQWRLVDLGDGYYKLVARHSGKALDVENASTSDGANVIQYSYSGGDNQQWRLVDL,GSSHHHHHHHHHHSSGLVPRGSHMGDGYYKLVARHSGKALDVENASTSDGANVIQYSYSGGDNQQWRLVDLGDGYYKLVARHSGKALDVENASTSDGANVIQYSYSGGDNQQWRLVPLGDGYYKLVARHSGKALDVENASTSDGANVIQYSYSGGDNQQWRLVDL,D117P,D93P,117,0.0
3PG0A_E90Y,GSSHHHHHHHHHHSSGLVPRGSHMGDGYYKLVARHSGKALDVENASTSDGANVIQYSYSGGDNQQWRLVDLGDGYYKLVARHSGKALDVENASTSDGANVIQYSYSGGDNQQWRLVDLGDGYYKLVARHSGKALDVENASTSDGANVIQYSYSGGDNQQWRLVDL,GSSHHHHHHHHHHSSGLVPRGSHMGDGYYKLVARHSGKALDVENASTSDGANVIQYSYSGGDNQQWRLVDLGDGYYKLVARHSGKALDVYNASTSDGANVIQYSYSGGDNQQWRLVDLGDGYYKLVARHSGKALDVENASTSDGANVIQYSYSGGDNQQWRLVDL,E90Y,E66Y,90,-0.6
3PG0A_E90L,GSSHHHHHHHHHHSSGLVPRGSHMGDGYYKLVARHSGKALDVENASTSDGANVIQYSYSGGDNQQWRLVDLGDGYYKLVARHSGKALDVENASTSDGANVIQYSYSGGDNQQWRLVDLGDGYYKLVARHSGKALDVENASTSDGANVIQYSYSGGDNQQWRLVDL,GSSHHHHHHHHHHSSGLVPRGSHMGDGYYKLVARHSGKALDVENASTSDGANVIQYSYSGGDNQQWRLVDLGDGYYKLVARHSGKALDVLNASTSDGANVIQYSYSGGDNQQWRLVDLGDGYYKLVARHSGKALDVENASTSDGANVIQYSYSGGDNQQWRLVDL,E90L,E66L,90,-0.9
3PG0A_Q102I,GSSHHHHHHHHHHSSGLVPRGSHMGDGYYKLVARHSGKALDVENASTSDGANVIQYSYSGGDNQQWRLVDLGDGYYKLVARHSGKALDVENASTSDGANVIQYSYSGGDNQQWRLVDLGDGYYKLVARHSGKALDVENASTSDGANVIQYSYSGGDNQQWRLVDL,GSSHHHHHHHHHHSSGLVPRGSHMGDGYYKLVARHSGKALDVENASTSDGANVIQYSYSGGDNQQWRLVDLGDGYYKLVARHSGKALDVENASTSDGANVIIYSYSGGDNQQWRLVDLGDGYYKLVARHSGKALDVENASTSDGANVIQYSYSGGDNQQWRLVDL,Q102I,Q78I,102,-2.7
